SET search_path TO lbaw2353;

-- Inserting data into the 'users' table
INSERT INTO users (id, name, email, password, is_blocked) VALUES (1, 'william17', 'nturner@example.org', ')53J**8Tjv', False);
INSERT INTO users (id, name, email, password, is_blocked) VALUES (2, 'randalldaniel', 'loriduran@example.net', '+ybPN5ytO3', False);
INSERT INTO users (id, name, email, password, is_blocked) VALUES (3, 'tmcmahon', 'vperez@example.org', '&)^5dDswBi', False);
INSERT INTO users (id, name, email, password, is_blocked) VALUES (4, 'kimberlyhayes', 'wilcoxanita@example.net', 'B9@ZQUNi^_', False);
INSERT INTO users (id, name, email, password, is_blocked) VALUES (5, 'perrymichael', 'ichurch@example.net', '*j69cZgl5c', False);
INSERT INTO users (id, name, email, password, is_blocked) VALUES (6, 'tzimmerman', 'garciapatricia@example.org', 'B!GS6Z)xP%', False);
INSERT INTO users (id, name, email, password, is_blocked) VALUES (7, 'richardsonedward', 'freilly@example.net', 'I9YK5Nku%@', False);
INSERT INTO users (id, name, email, password, is_blocked) VALUES (8, 'steven10', 'scottandre@example.com', 'PM@34SXyTs', False);
INSERT INTO users (id, name, email, password, is_blocked) VALUES (9, 'taylorcarlos', 'susan86@example.com', '0YqZWwfI(6', False);
INSERT INTO users (id, name, email, password, is_blocked) VALUES (10, 'matthew09', 'sweeneyangel@example.com', 'Jpk5BfWb^*', False);
INSERT INTO users (id, name, email, password, is_blocked) VALUES (11, 'franklinanthony', 'deanrobinson@example.net', 'Oa7HGoB9c+', False);
INSERT INTO users (id, name, email, password, is_blocked) VALUES (12, 'wzimmerman', 'nicolefoster@example.com', 'PdFg2Dmf$s', False);
INSERT INTO users (id, name, email, password, is_blocked) VALUES (13, 'carolwagner', 'tmendoza@example.org', '#OIaXCu_c6', False);
INSERT INTO users (id, name, email, password, is_blocked) VALUES (14, 'michaelbenitez', 'lhogan@example.net', 'q0^T7nKoj5', False);
INSERT INTO users (id, name, email, password, is_blocked) VALUES (15, 'cbarrett', 'ortegadonald@example.org', 'F_+7sYDl7f', False);
INSERT INTO users (id, name, email, password, is_blocked) VALUES (16, 'dbailey', 'browndaniel@example.net', ')^2IQ@bh8x', False);
INSERT INTO users (id, name, email, password, is_blocked) VALUES (17, 'ramirezjacob', 'cbuck@example.org', '(05tBh+3$J', False);
INSERT INTO users (id, name, email, password, is_blocked) VALUES (18, 'rwilliams', 'jeremy24@example.com', 'z1ZGca8a^N', False);
INSERT INTO users (id, name, email, password, is_blocked) VALUES (19, 'zmorrison', 'kmorris@example.net', 'uC3EdFqF#8', False);
INSERT INTO users (id, name, email, password, is_blocked) VALUES (20, 'hortonkendra', 'joshua28@example.com', '9)5BmJJuBt', False);
-- Inserting data into the 'administrator' table
INSERT INTO administrator (id, name, email, password) VALUES (1, 'Jason Arnold', 'denise28@example.org', '&6hmBlqykx');
INSERT INTO administrator (id, name, email, password) VALUES (2, 'Robert Smith', 'qfarrell@example.net', '**27FsUMCH');
INSERT INTO administrator (id, name, email, password) VALUES (3, 'Lisa Bell', 'thomasfigueroa@example.com', 'xhb&4YMt_8');
INSERT INTO administrator (id, name, email, password) VALUES (4, 'Kristen Brown', 'laura75@example.org', '0L2E)Fmi%6');
INSERT INTO administrator (id, name, email, password) VALUES (5, 'Darren Ward', 'barroyo@example.com', '9lAVNz$y^(');
INSERT INTO administrator (id, name, email, password) VALUES (6, 'Randy Franklin', 'kimberly74@example.net', '^#QAeJVOC4');
INSERT INTO administrator (id, name, email, password) VALUES (7, 'William Johnson', 'steven13@example.com', '+_s19#Exng');
INSERT INTO administrator (id, name, email, password) VALUES (8, 'Michael Mcintyre', 'christybuchanan@example.com', 'Y48U8zv+d#');
INSERT INTO administrator (id, name, email, password) VALUES (9, 'Patrick Berry', 'mahoneydaniel@example.com', 'iH+OOCUp!4');
INSERT INTO administrator (id, name, email, password) VALUES (10, 'Jose Fernandez', 'knorman@example.com', '5)h3eKVd&!');
INSERT INTO administrator (id, name, email, password) VALUES (11, 'Jaime Jones', 'xschmidt@example.net', 'epi9Aj&zg)');
INSERT INTO administrator (id, name, email, password) VALUES (12, 'Logan Kirk', 'freymichelle@example.com', 'l5oxbp$E&N');
INSERT INTO administrator (id, name, email, password) VALUES (13, 'Kristopher Arnold', 'williamschristopher@example.com', 'I$20TFb%X^');
INSERT INTO administrator (id, name, email, password) VALUES (14, 'Andrew Quinn', 'richard00@example.com', '5BMH$6Sxx#');
INSERT INTO administrator (id, name, email, password) VALUES (15, 'Joseph Gonzalez', 'michael42@example.com', '*7FuTyzayi');
INSERT INTO administrator (id, name, email, password) VALUES (16, 'Cory Lambert', 'jbenson@example.net', '!59VYaa(1x');
INSERT INTO administrator (id, name, email, password) VALUES (17, 'Shawn Morrison', 'sgregory@example.org', '&sFctc)K50');
INSERT INTO administrator (id, name, email, password) VALUES (18, 'James Jennings', 'jeffrey15@example.com', '!d306PwZQm');
INSERT INTO administrator (id, name, email, password) VALUES (19, 'Lori Huff', 'rubencarlson@example.org', '(G6GV3kpUP');
INSERT INTO administrator (id, name, email, password) VALUES (20, 'Shannon Garcia', 'bridgeschristopher@example.net', '(j7)N0aa!J');
-- Inserting data into the 'project' table
INSERT INTO project (id, title, description, is_archived, creation, deadline, coordinator) VALUES (1, 'when', 'Tend condition physical detail listen explain.', True, '2023-03-30', '2024-06-14', 10);
INSERT INTO project (id, title, description, is_archived, creation, deadline, coordinator) VALUES (2, 'population', 'North I writer actually arm heart protect.', False, '2022-12-31', '2024-06-29', 10);
INSERT INTO project (id, title, description, is_archived, creation, deadline, coordinator) VALUES (3, 'question', 'Report lay quickly out manage line summer start.', True, '2022-12-11', '2024-06-28', 10);
INSERT INTO project (id, title, description, is_archived, creation, deadline, coordinator) VALUES (4, 'leg', 'Ask environment American glass lose sing.', True, '2022-01-22', '2024-06-26', 10);
INSERT INTO project (id, title, description, is_archived, creation, deadline, coordinator) VALUES (5, 'defense', 'Look share network difference.', False, '2022-02-05', '2024-09-21', 10);
INSERT INTO project (id, title, description, is_archived, creation, deadline, coordinator) VALUES (6, 'notice', 'Call no ok try.', False, '2023-02-07', '2024-03-13', 10);
INSERT INTO project (id, title, description, is_archived, creation, deadline, coordinator) VALUES (7, 'you', 'Range recognize institution trade argue.', True, '2023-02-04', '2024-10-18', 10);
INSERT INTO project (id, title, description, is_archived, creation, deadline, coordinator) VALUES (8, 'her', 'Figure song lay to teach respond.', False, '2022-01-15', '2024-02-20', 10);
INSERT INTO project (id, title, description, is_archived, creation, deadline, coordinator) VALUES (9, 'court', 'Group under red more leave green.', True, '2022-06-04', '2024-05-07', 10);
INSERT INTO project (id, title, description, is_archived, creation, deadline, coordinator) VALUES (10, 'reflect', 'Case appear Democrat look former suddenly others many.', True, '2022-08-30', '2024-09-22', 10);
INSERT INTO project (id, title, description, is_archived, creation, deadline, coordinator) VALUES (11, 'technology', 'Commercial miss statement.', False, '2021-12-25', '2024-01-26', 10);
INSERT INTO project (id, title, description, is_archived, creation, deadline, coordinator) VALUES (12, 'yes', 'Beautiful sure forget number computer administration oil.', False, '2023-02-20', '2024-07-22', 10);
INSERT INTO project (id, title, description, is_archived, creation, deadline, coordinator) VALUES (13, 'similar', 'Citizen order put.', False, '2023-05-01', '2024-05-16', 10);
INSERT INTO project (id, title, description, is_archived, creation, deadline, coordinator) VALUES (14, 'get', 'Week low professor part Republican image your always.', True, '2023-08-12', '2023-12-06', 10);
INSERT INTO project (id, title, description, is_archived, creation, deadline, coordinator) VALUES (15, 'food', 'Conference world so president job.', True, '2023-10-12', '2024-10-13', 10);
INSERT INTO project (id, title, description, is_archived, creation, deadline, coordinator) VALUES (16, 'meeting', 'Leave rate style.', True, '2021-12-12', '2023-12-03', 10);
INSERT INTO project (id, title, description, is_archived, creation, deadline, coordinator) VALUES (17, 'debate', 'Include himself accept house public.', True, '2023-03-28', '2024-07-03', 10);
INSERT INTO project (id, title, description, is_archived, creation, deadline, coordinator) VALUES (18, 'author', 'Role fly issue friend short law.', False, '2022-08-09', '2024-02-21', 10);
INSERT INTO project (id, title, description, is_archived, creation, deadline, coordinator) VALUES (19, 'development', 'Attorney our close serve outside hold shake.', False, '2022-06-23', '2024-06-06', 10);
INSERT INTO project (id, title, description, is_archived, creation, deadline, coordinator) VALUES (20, 'rule', 'Finally clearly child them word.', False, '2023-05-30', '2024-03-05', 10);
-- Inserting data into the 'tag' table
INSERT INTO tag (id, title) VALUES (1, 'eye');
INSERT INTO tag (id, title) VALUES (2, 'chair');
INSERT INTO tag (id, title) VALUES (3, 'various');
INSERT INTO tag (id, title) VALUES (4, 'down');
INSERT INTO tag (id, title) VALUES (5, 'five');
INSERT INTO tag (id, title) VALUES (6, 'along');
INSERT INTO tag (id, title) VALUES (7, 'reduce');
INSERT INTO tag (id, title) VALUES (8, 'member');
INSERT INTO tag (id, title) VALUES (9, 'least');
INSERT INTO tag (id, title) VALUES (10, 'two');
INSERT INTO tag (id, title) VALUES (11, 'which');
INSERT INTO tag (id, title) VALUES (12, 'it');
INSERT INTO tag (id, title) VALUES (13, 'into');
INSERT INTO tag (id, title) VALUES (14, 'bed');
INSERT INTO tag (id, title) VALUES (15, 'say');
INSERT INTO tag (id, title) VALUES (16, 'current');
INSERT INTO tag (id, title) VALUES (17, 'sign');
INSERT INTO tag (id, title) VALUES (18, 'hit');
INSERT INTO tag (id, title) VALUES (19, 'develop');
INSERT INTO tag (id, title) VALUES (20, 'cold');
-- Inserting data into the 'task' table
INSERT INTO task (id, title, description, status, starttime, endtime, deadline, opened_user_id, closed_user_id) VALUES (1, 'speak', 'Issue close eye music others forward.', 'canceled', '2022-10-31', '2023-04-11', '2024-07-22', 18, 8);
INSERT INTO task (id, title, description, status, starttime, endtime, deadline, opened_user_id, closed_user_id) VALUES (2, 'race', 'See soon onto senior prepare fine.', 'canceled', '2023-08-24', '2023-05-23', '2024-06-10', 9, 17);
INSERT INTO task (id, title, description, status, starttime, endtime, deadline, opened_user_id, closed_user_id) VALUES (3, 'play', 'Three floor country prove bar management.', 'closed', '2023-04-03', '2022-12-11', '2024-07-14', 8, 4);
INSERT INTO task (id, title, description, status, starttime, endtime, deadline, opened_user_id, closed_user_id) VALUES (4, 'sort', 'Fund make learn.', 'closed', '2022-12-19', '2023-05-25', '2023-12-10', 20, 2);
INSERT INTO task (id, title, description, status, starttime, endtime, deadline, opened_user_id, closed_user_id) VALUES (5, 'human', 'Contain each indicate blood wind while edge.', 'open', '2023-09-05', '2022-12-28', '2024-09-11', 2, 19);
INSERT INTO task (id, title, description, status, starttime, endtime, deadline, opened_user_id, closed_user_id) VALUES (6, 'watch', 'Event performance easy nation would.', 'canceled', '2023-06-23', '2023-01-28', '2024-08-19', 15, 10);
INSERT INTO task (id, title, description, status, starttime, endtime, deadline, opened_user_id, closed_user_id) VALUES (7, 'affect', 'Paper happy in a.', 'canceled', '2022-11-25', '2022-12-31', '2024-01-04', 17, 4);
INSERT INTO task (id, title, description, status, starttime, endtime, deadline, opened_user_id, closed_user_id) VALUES (8, 'owner', 'Bank picture soon.', 'closed', '2023-05-25', '2023-09-30', '2023-12-28', 10, 14);
INSERT INTO task (id, title, description, status, starttime, endtime, deadline, opened_user_id, closed_user_id) VALUES (9, 'appear', 'Anything be outside myself customer accept war also.', 'closed', '2023-05-02', '2023-05-01', '2024-05-16', 9, 9);
INSERT INTO task (id, title, description, status, starttime, endtime, deadline, opened_user_id, closed_user_id) VALUES (10, 'region', 'Story color very in enjoy including case.', 'open', '2023-02-02', '2022-12-03', '2024-01-11', 9, 5);
INSERT INTO task (id, title, description, status, starttime, endtime, deadline, opened_user_id, closed_user_id) VALUES (11, 'order', 'Lawyer believe reach night.', 'canceled', '2023-01-23', '2023-06-29', '2023-12-26', 7, 16);
INSERT INTO task (id, title, description, status, starttime, endtime, deadline, opened_user_id, closed_user_id) VALUES (12, 'material', 'Building thus condition administration house prevent.', 'closed', '2022-12-09', '2022-11-17', '2023-11-10', 18, 5);
INSERT INTO task (id, title, description, status, starttime, endtime, deadline, opened_user_id, closed_user_id) VALUES (13, 'large', 'Arrive son machine national.', 'open', '2023-05-08', '2023-03-24', '2023-12-27', 14, 9);
INSERT INTO task (id, title, description, status, starttime, endtime, deadline, opened_user_id, closed_user_id) VALUES (14, 'under', 'Still boy work difficult focus people student.', 'closed', '2023-05-16', '2023-04-25', '2024-08-16', 2, 4);
INSERT INTO task (id, title, description, status, starttime, endtime, deadline, opened_user_id, closed_user_id) VALUES (15, 'run', 'Laugh five agent positive.', 'canceled', '2023-01-30', '2023-09-22', '2024-03-04', 6, 1);
INSERT INTO task (id, title, description, status, starttime, endtime, deadline, opened_user_id, closed_user_id) VALUES (16, 'oil', 'Notice such arrive blue trade keep.', 'open', '2023-05-10', '2023-08-10', '2024-06-25', 2, 14);
INSERT INTO task (id, title, description, status, starttime, endtime, deadline, opened_user_id, closed_user_id) VALUES (17, 'room', 'Finally painting stock appear stage sport source that.', 'canceled', '2023-01-23', '2023-09-11', '2023-12-19', 13, 6);
INSERT INTO task (id, title, description, status, starttime, endtime, deadline, opened_user_id, closed_user_id) VALUES (18, 'degree', 'Daughter stay particularly him beat important ten president.', 'open', '2023-05-03', '2023-01-13', '2024-10-09', 10, 19);
INSERT INTO task (id, title, description, status, starttime, endtime, deadline, opened_user_id, closed_user_id) VALUES (19, 'certain', 'Those option may fast chair off station.', 'closed', '2023-08-07', '2023-05-10', '2024-08-13', 10, 18);
INSERT INTO task (id, title, description, status, starttime, endtime, deadline, opened_user_id, closed_user_id) VALUES (20, 'ago', 'Cell over process condition subject short interest.', 'closed', '2023-07-28', '2023-09-03', '2024-10-15', 8, 1);
-- Inserting data into the 'post' table
INSERT INTO post (id, content, submit_date, last_edited, user_id, project_id) VALUES (1, 'Good range amount but remain approach.', '2023-04-30', '2023-04-24', 12, 8);
INSERT INTO post (id, content, submit_date, last_edited, user_id, project_id) VALUES (2, 'In reveal certain tough. Under act country loss spend last.', '2023-09-06', '2023-04-09', 3, 10);
INSERT INTO post (id, content, submit_date, last_edited, user_id, project_id) VALUES (3, 'Of everyone first tell. Concern activity protect quickly feeling.', '2022-12-09', '2022-11-01', 1, 15);
INSERT INTO post (id, content, submit_date, last_edited, user_id, project_id) VALUES (4, 'Happen have take instead color. Dream fast other against.', '2022-12-31', '2023-06-29', 1, 15);
INSERT INTO post (id, content, submit_date, last_edited, user_id, project_id) VALUES (5, 'Result possible race enough wonder step million. Home PM town yard take buy.', '2022-12-26', '2023-07-20', 15, 7);
INSERT INTO post (id, content, submit_date, last_edited, user_id, project_id) VALUES (6, 'Base eat go close. Parent walk do information. Teach knowledge mission open century the test.', '2023-04-02', '2023-03-10', 16, 4);
INSERT INTO post (id, content, submit_date, last_edited, user_id, project_id) VALUES (7, 'Day save of everything religious. Sort student nothing both. We speech the challenge out head even.', '2023-02-15', '2023-01-23', 14, 7);
INSERT INTO post (id, content, submit_date, last_edited, user_id, project_id) VALUES (8, 'Fall run stand director walk fight example. Democratic rest leave fear wind.', '2023-02-06', '2023-05-10', 18, 16);
INSERT INTO post (id, content, submit_date, last_edited, user_id, project_id) VALUES (9, 'Without base agency on maybe resource source tend. Claim talk stand reflect everything maybe.', '2023-10-02', '2023-01-06', 12, 12);
INSERT INTO post (id, content, submit_date, last_edited, user_id, project_id) VALUES (10, 'Head law house body who federal. Kind security two.', '2022-12-01', '2023-03-25', 15, 18);
INSERT INTO post (id, content, submit_date, last_edited, user_id, project_id) VALUES (11, 'Respond your effect measure tax. Phone according account.
Defense policy commercial.', '2023-07-27', '2023-02-06', 8, 5);
INSERT INTO post (id, content, submit_date, last_edited, user_id, project_id) VALUES (12, 'Able PM grow drop during ready its. Tonight area foreign scene.', '2023-10-21', '2023-10-15', 17, 8);
INSERT INTO post (id, content, submit_date, last_edited, user_id, project_id) VALUES (13, 'Happen whatever she bad without least. Require use wish fine need system.', '2022-12-12', '2023-06-07', 16, 19);
INSERT INTO post (id, content, submit_date, last_edited, user_id, project_id) VALUES (14, 'Medical here heart reality house page. Employee character sport trouble mother whole.', '2022-12-26', '2023-04-16', 12, 2);
INSERT INTO post (id, content, submit_date, last_edited, user_id, project_id) VALUES (15, 'Commercial three moment. However prevent bring set technology.', '2022-11-13', '2022-11-21', 8, 2);
INSERT INTO post (id, content, submit_date, last_edited, user_id, project_id) VALUES (16, 'Interesting physical now good night. Woman find job us speak lot.', '2023-09-10', '2023-01-06', 16, 18);
INSERT INTO post (id, content, submit_date, last_edited, user_id, project_id) VALUES (17, 'Continue win only vote thing begin value include. Play style should magazine on.', '2023-04-12', '2023-07-30', 15, 8);
INSERT INTO post (id, content, submit_date, last_edited, user_id, project_id) VALUES (18, 'Out give beyond apply decision cost. Decision clear building structure true hold. Across wear meet.', '2022-12-19', '2023-09-13', 16, 4);
INSERT INTO post (id, content, submit_date, last_edited, user_id, project_id) VALUES (19, 'General source red plan school. Minute senior suffer thought. Toward group plant.', '2023-09-15', '2023-03-23', 6, 10);
INSERT INTO post (id, content, submit_date, last_edited, user_id, project_id) VALUES (20, 'Oil direction boy late commercial age. Show personal prepare no day. Check capital itself.', '2023-04-03', '2023-09-26', 15, 19);
-- Inserting data into the 'assigned' table
INSERT INTO assigned (user_id, task_id) VALUES (6, 6);
INSERT INTO assigned (user_id, task_id) VALUES (2, 16);
INSERT INTO assigned (user_id, task_id) VALUES (20, 13);
INSERT INTO assigned (user_id, task_id) VALUES (8, 5);
INSERT INTO assigned (user_id, task_id) VALUES (4, 18);
INSERT INTO assigned (user_id, task_id) VALUES (14, 1);
INSERT INTO assigned (user_id, task_id) VALUES (15, 15);
INSERT INTO assigned (user_id, task_id) VALUES (3, 20);
INSERT INTO assigned (user_id, task_id) VALUES (2, 1);
INSERT INTO assigned (user_id, task_id) VALUES (4, 9);
INSERT INTO assigned (user_id, task_id) VALUES (13, 5);
INSERT INTO assigned (user_id, task_id) VALUES (15, 7);
INSERT INTO assigned (user_id, task_id) VALUES (16, 19);
INSERT INTO assigned (user_id, task_id) VALUES (2, 11);
INSERT INTO assigned (user_id, task_id) VALUES (16, 12);
INSERT INTO assigned (user_id, task_id) VALUES (10, 7);
INSERT INTO assigned (user_id, task_id) VALUES (13, 7);
INSERT INTO assigned (user_id, task_id) VALUES (18, 13);
INSERT INTO assigned (user_id, task_id) VALUES (19, 12);
INSERT INTO assigned (user_id, task_id) VALUES (10, 8);
-- Inserting data into the 'comment' table
INSERT INTO comment (id, content, submit_date, last_edited, task_id, user_id) VALUES (1, 'Middle character accept another push drug nice. Tend writer season manage word near pattern.', '2023-08-23', '2022-12-12', 12, 9);
INSERT INTO comment (id, content, submit_date, last_edited, task_id, user_id) VALUES (2, 'Six also career happy. Sea throughout power listen tree.', '2023-06-23', '2023-02-18', 3, 18);
INSERT INTO comment (id, content, submit_date, last_edited, task_id, user_id) VALUES (3, 'After inside evidence skill hand difficult. Pattern plant assume many son.', '2023-06-16', '2023-02-08', 10, 6);
INSERT INTO comment (id, content, submit_date, last_edited, task_id, user_id) VALUES (4, 'Word reality focus soldier. Help adult lay represent half couple.', '2023-07-06', '2023-07-20', 9, 18);
INSERT INTO comment (id, content, submit_date, last_edited, task_id, user_id) VALUES (5, 'Production within matter foreign return bring. Value read range general.', '2023-10-17', '2023-05-15', 15, 9);
INSERT INTO comment (id, content, submit_date, last_edited, task_id, user_id) VALUES (6, 'Employee per education majority manager heavy set computer. Reach recently name fund job.', '2023-07-30', '2023-09-07', 7, 9);
INSERT INTO comment (id, content, submit_date, last_edited, task_id, user_id) VALUES (7, 'Lead four expert if spend. She traditional billion wind message event.', '2023-02-10', '2023-03-25', 7, 10);
INSERT INTO comment (id, content, submit_date, last_edited, task_id, user_id) VALUES (8, 'World account talk back back claim. Fly draw forward include picture.', '2023-01-13', '2023-02-12', 12, 1);
INSERT INTO comment (id, content, submit_date, last_edited, task_id, user_id) VALUES (9, 'Enter right vote upon your involve. Simply certainly enter hand answer indeed entire.', '2023-01-28', '2023-06-02', 18, 10);
INSERT INTO comment (id, content, submit_date, last_edited, task_id, user_id) VALUES (10, 'Media standard daughter professional. Rather I table quite left about remain home.', '2022-12-23', '2023-06-20', 4, 12);
INSERT INTO comment (id, content, submit_date, last_edited, task_id, user_id) VALUES (11, 'Experience enough way else health each per.', '2022-11-03', '2023-06-01', 9, 14);
INSERT INTO comment (id, content, submit_date, last_edited, task_id, user_id) VALUES (12, 'Dog large research instead. Develop carry himself send about to evidence perhaps.', '2022-12-02', '2023-02-04', 15, 2);
INSERT INTO comment (id, content, submit_date, last_edited, task_id, user_id) VALUES (13, 'Trip south drop region late physical. Check risk decade worry standard will. Turn major west show.', '2022-11-26', '2023-08-27', 15, 8);
INSERT INTO comment (id, content, submit_date, last_edited, task_id, user_id) VALUES (14, 'Of measure lead.
Interesting ready best do suffer. Wish difference resource recent.', '2023-09-19', '2023-02-20', 13, 3);
INSERT INTO comment (id, content, submit_date, last_edited, task_id, user_id) VALUES (15, 'School study its ground everybody. Pick history control run. Foreign write town it half.', '2023-03-06', '2022-11-27', 18, 3);
INSERT INTO comment (id, content, submit_date, last_edited, task_id, user_id) VALUES (16, 'Some space magazine instead wish enough. Research food over culture often government.', '2023-06-17', '2023-07-18', 3, 6);
INSERT INTO comment (id, content, submit_date, last_edited, task_id, user_id) VALUES (17, 'Wife responsibility peace letter identify again. Really happy agency property other.', '2023-06-30', '2023-10-22', 16, 1);
INSERT INTO comment (id, content, submit_date, last_edited, task_id, user_id) VALUES (18, 'Training concern instead.', '2023-06-27', '2023-08-11', 17, 15);
INSERT INTO comment (id, content, submit_date, last_edited, task_id, user_id) VALUES (19, 'Out fill tree father him such property. Wear high or position change strategy.', '2023-10-02', '2022-12-25', 7, 18);
INSERT INTO comment (id, content, submit_date, last_edited, task_id, user_id) VALUES (20, 'Her blue like law receive. Choice kid beautiful choice threat.
Get section energy performance.', '2023-08-02', '2023-03-23', 5, 12);
-- Inserting data into the 'file' table
INSERT INTO file (id, name, project_id) VALUES (1, 'today', 1);
INSERT INTO file (id, name, project_id) VALUES (2, 'source', 14);
INSERT INTO file (id, name, project_id) VALUES (3, 'worry', 7);
INSERT INTO file (id, name, project_id) VALUES (4, 'home', 5);
INSERT INTO file (id, name, project_id) VALUES (5, 'door', 11);
INSERT INTO file (id, name, project_id) VALUES (6, 'hope', 8);
INSERT INTO file (id, name, project_id) VALUES (7, 'last', 6);
INSERT INTO file (id, name, project_id) VALUES (8, 'themselves', 2);
INSERT INTO file (id, name, project_id) VALUES (9, 'tell', 18);
INSERT INTO file (id, name, project_id) VALUES (10, 'stop', 15);
INSERT INTO file (id, name, project_id) VALUES (11, 'word', 7);
INSERT INTO file (id, name, project_id) VALUES (12, 'cover', 3);
INSERT INTO file (id, name, project_id) VALUES (13, 'positive', 7);
INSERT INTO file (id, name, project_id) VALUES (14, 'capital', 11);
INSERT INTO file (id, name, project_id) VALUES (15, 'alone', 14);
INSERT INTO file (id, name, project_id) VALUES (16, 'south', 19);
INSERT INTO file (id, name, project_id) VALUES (17, 'magazine', 11);
INSERT INTO file (id, name, project_id) VALUES (18, 'run', 17);
INSERT INTO file (id, name, project_id) VALUES (19, 'bank', 11);
INSERT INTO file (id, name, project_id) VALUES (20, 'tough', 8);
-- Inserting data into the 'invite' table
INSERT INTO invite (id, email, invite_date, user_id, project_id, accepted) VALUES (1, 'meredith24@example.com', '2023-06-23', 10, 13, True);
INSERT INTO invite (id, email, invite_date, user_id, project_id, accepted) VALUES (3, 'vickie50@example.org', '2023-05-04', 10, 17, True);
INSERT INTO invite (id, email, invite_date, user_id, project_id, accepted) VALUES (6, 'laneangela@example.net', '2023-02-26', 10, 14, False);
INSERT INTO invite (id, email, invite_date, user_id, project_id, accepted) VALUES (7, 'therman@example.net', '2023-04-10', 10, 1, True);
INSERT INTO invite (id, email, invite_date, user_id, project_id, accepted) VALUES (8, 'ksolomon@example.org', '2023-01-26', 10, 3, False);
INSERT INTO invite (id, email, invite_date, user_id, project_id, accepted) VALUES (9, 'martinstacey@example.com', '2023-01-11', 10, 6, False);
INSERT INTO invite (id, email, invite_date, user_id, project_id, accepted) VALUES (10, 'qcarter@example.org', '2023-03-26', 10, 6, True);
INSERT INTO invite (id, email, invite_date, user_id, project_id, accepted) VALUES (11, 'derekshields@example.com', '2023-05-04', 10, 2, False);
INSERT INTO invite (id, email, invite_date, user_id, project_id, accepted) VALUES (12, 'taylorricky@example.com', '2023-01-27', 10, 20, True);
INSERT INTO invite (id, email, invite_date, user_id, project_id, accepted) VALUES (13, 'robertarnold@example.org', '2023-09-04', 10, 8, True);
INSERT INTO invite (id, email, invite_date, user_id, project_id, accepted) VALUES (14, 'mfowler@example.org', '2023-07-18', 10, 12, False);
INSERT INTO invite (id, email, invite_date, user_id, project_id, accepted) VALUES (15, 'dorothy21@example.net', '2023-06-21', 10, 16, True);
INSERT INTO invite (id, email, invite_date, user_id, project_id, accepted) VALUES (16, 'elizabeth32@example.org', '2023-06-15', 10, 12, True);
INSERT INTO invite (id, email, invite_date, user_id, project_id, accepted) VALUES (17, 'micheal97@example.net', '2023-08-30', 10, 9, False);
INSERT INTO invite (id, email, invite_date, user_id, project_id, accepted) VALUES (18, 'pughrebekah@example.net', '2023-08-13', 10, 19, False);
INSERT INTO invite (id, email, invite_date, user_id, project_id, accepted) VALUES (19, 'tanya47@example.org', '2022-12-05', 10, 8, False);
INSERT INTO invite (id, email, invite_date, user_id, project_id, accepted) VALUES (20, 'cathyperez@example.com', '2023-03-03', 10, 18, False);

-- Inserting data into the 'forum_notification' table
INSERT INTO forum_notification (id, description, notification_date, post_id, user_id, seen) VALUES (1, 'Impact walk herself above score last.', '2023-09-09', 19, 17, False);
INSERT INTO forum_notification (id, description, notification_date, post_id, user_id, seen) VALUES (2, 'Once contain past guy recently.', '2022-11-07', 17, 11, False);
INSERT INTO forum_notification (id, description, notification_date, post_id, user_id, seen) VALUES (3, 'Nation safe read theory.', '2023-09-14', 9, 11, True);
INSERT INTO forum_notification (id, description, notification_date, post_id, user_id, seen) VALUES (4, 'Prepare police commercial.', '2022-12-31', 9, 20, False);
INSERT INTO forum_notification (id, description, notification_date, post_id, user_id, seen) VALUES (5, 'System who candidate forward against.', '2023-09-09', 12, 16, True);
INSERT INTO forum_notification (id, description, notification_date, post_id, user_id, seen) VALUES (6, 'Hour left before serious bed by yard.', '2023-07-04', 11, 12, False);
INSERT INTO forum_notification (id, description, notification_date, post_id, user_id, seen) VALUES (7, 'Class certain board.', '2023-02-28', 7, 6, True);
INSERT INTO forum_notification (id, description, notification_date, post_id, user_id, seen) VALUES (8, 'Great manage administration argue how design technology opportunity.', '2023-07-20', 6, 4, False);
INSERT INTO forum_notification (id, description, notification_date, post_id, user_id, seen) VALUES (9, 'Actually clear main century including.', '2023-05-04', 3, 5, True);
INSERT INTO forum_notification (id, description, notification_date, post_id, user_id, seen) VALUES (10, 'People personal head parent debate follow.', '2023-08-20', 14, 3, True);
INSERT INTO forum_notification (id, description, notification_date, post_id, user_id, seen) VALUES (11, 'Conference executive team catch hot.', '2023-05-21', 4, 4, False);
INSERT INTO forum_notification (id, description, notification_date, post_id, user_id, seen) VALUES (12, 'Yet evening player town door.', '2022-11-15', 9, 20, False);
INSERT INTO forum_notification (id, description, notification_date, post_id, user_id, seen) VALUES (13, 'Investment prove star report her participant.', '2023-07-23', 3, 14, False);
INSERT INTO forum_notification (id, description, notification_date, post_id, user_id, seen) VALUES (14, 'Until material something bad himself.', '2023-01-03', 15, 18, True);
INSERT INTO forum_notification (id, description, notification_date, post_id, user_id, seen) VALUES (15, 'Election time leave tax operation.', '2023-10-05', 4, 20, False);
INSERT INTO forum_notification (id, description, notification_date, post_id, user_id, seen) VALUES (16, 'Again own military outside then expect office.', '2023-02-13', 4, 13, True);
INSERT INTO forum_notification (id, description, notification_date, post_id, user_id, seen) VALUES (17, 'Not check pattern simply those information.', '2023-06-21', 3, 3, False);
INSERT INTO forum_notification (id, description, notification_date, post_id, user_id, seen) VALUES (18, 'Clearly newspaper prevent south training fine no.', '2023-04-04', 12, 9, False);
INSERT INTO forum_notification (id, description, notification_date, post_id, user_id, seen) VALUES (19, 'Rate stage let fear of community.', '2023-02-01', 8, 4, True);
INSERT INTO forum_notification (id, description, notification_date, post_id, user_id, seen) VALUES (20, 'Capital smile week future.', '2023-05-24', 7, 5, True);
-- Inserting data into the 'project_notification' table
INSERT INTO project_notification (id, description, notification_date, project_id, user_id, seen) VALUES (1, 'Assume choice nor consider prove look give.', '2023-10-01', 5, 10, True);
INSERT INTO project_notification (id, description, notification_date, project_id, user_id, seen) VALUES (2, 'Business necessary school tree reveal type.', '2023-09-24', 15, 19, False);
INSERT INTO project_notification (id, description, notification_date, project_id, user_id, seen) VALUES (3, 'Meet move concern may everyone.', '2023-04-29', 9, 12, True);
INSERT INTO project_notification (id, description, notification_date, project_id, user_id, seen) VALUES (4, 'Wish reveal check especially sell.', '2023-02-15', 16, 17, True);
INSERT INTO project_notification (id, description, notification_date, project_id, user_id, seen) VALUES (5, 'Lawyer fill total event their these nothing.', '2023-03-25', 14, 6, False);
INSERT INTO project_notification (id, description, notification_date, project_id, user_id, seen) VALUES (6, 'Source future left morning join its series.', '2023-01-07', 7, 20, False);
INSERT INTO project_notification (id, description, notification_date, project_id, user_id, seen) VALUES (7, 'Blood of bar top more type.', '2023-03-24', 10, 3, False);
INSERT INTO project_notification (id, description, notification_date, project_id, user_id, seen) VALUES (8, 'Any with certainly recently there art agent.', '2022-12-09', 19, 8, False);
INSERT INTO project_notification (id, description, notification_date, project_id, user_id, seen) VALUES (9, 'Cover require keep down listen.', '2023-09-16', 9, 18, True);
INSERT INTO project_notification (id, description, notification_date, project_id, user_id, seen) VALUES (10, 'Win budget beyond pay institution as.', '2023-08-11', 7, 5, False);
INSERT INTO project_notification (id, description, notification_date, project_id, user_id, seen) VALUES (11, 'Little do save southern.', '2023-01-03', 17, 1, False);
INSERT INTO project_notification (id, description, notification_date, project_id, user_id, seen) VALUES (12, 'Place summer back few ask thousand.', '2023-07-23', 17, 13, True);
INSERT INTO project_notification (id, description, notification_date, project_id, user_id, seen) VALUES (13, 'Measure system worry for positive pay let close.', '2023-01-26', 14, 1, False);
INSERT INTO project_notification (id, description, notification_date, project_id, user_id, seen) VALUES (14, 'Of green prove room.', '2023-09-25', 8, 4, False);
INSERT INTO project_notification (id, description, notification_date, project_id, user_id, seen) VALUES (15, 'Take mouth half represent fight let best.', '2023-07-13', 19, 2, True);
INSERT INTO project_notification (id, description, notification_date, project_id, user_id, seen) VALUES (16, 'Nothing whom walk player main father leave.', '2023-03-15', 20, 19, True);
INSERT INTO project_notification (id, description, notification_date, project_id, user_id, seen) VALUES (17, 'Range field turn.', '2023-07-26', 19, 4, True);
INSERT INTO project_notification (id, description, notification_date, project_id, user_id, seen) VALUES (18, 'Art short level per war.', '2023-08-21', 16, 1, True);
INSERT INTO project_notification (id, description, notification_date, project_id, user_id, seen) VALUES (19, 'Direction yes somebody model own surface.', '2023-03-08', 1, 7, True);
INSERT INTO project_notification (id, description, notification_date, project_id, user_id, seen) VALUES (20, 'Participant or its.', '2023-10-13', 9, 6, True);
-- Inserting data into the 'task_notification' table
INSERT INTO task_notification (id, description, notification_date, task_id, user_id, seen) VALUES (1, 'Our best purpose more agent.', '2023-01-04', 10, 1, True);
INSERT INTO task_notification (id, description, notification_date, task_id, user_id, seen) VALUES (2, 'Task best both rather name.', '2023-06-12', 15, 17, True);
INSERT INTO task_notification (id, description, notification_date, task_id, user_id, seen) VALUES (3, 'Kind picture change foreign policy.', '2023-07-25', 9, 5, True);
INSERT INTO task_notification (id, description, notification_date, task_id, user_id, seen) VALUES (4, 'Become return thousand color east quite.', '2023-08-07', 20, 1, False);
INSERT INTO task_notification (id, description, notification_date, task_id, user_id, seen) VALUES (5, 'Reduce hit government.', '2023-05-31', 9, 6, True);
INSERT INTO task_notification (id, description, notification_date, task_id, user_id, seen) VALUES (6, 'Art project fight money carry chair.', '2022-12-10', 3, 1, False);
INSERT INTO task_notification (id, description, notification_date, task_id, user_id, seen) VALUES (7, 'Behavior whom majority.', '2023-10-21', 14, 15, False);
INSERT INTO task_notification (id, description, notification_date, task_id, user_id, seen) VALUES (8, 'Seek administration gun class worker consider role position.', '2022-12-08', 16, 4, False);
INSERT INTO task_notification (id, description, notification_date, task_id, user_id, seen) VALUES (9, 'Suffer actually treatment easy cause.', '2023-01-26', 14, 2, True);
INSERT INTO task_notification (id, description, notification_date, task_id, user_id, seen) VALUES (10, 'Gas hear serve live lose article fly.', '2023-09-05', 18, 9, True);
INSERT INTO task_notification (id, description, notification_date, task_id, user_id, seen) VALUES (11, 'You ready boy fact.', '2023-05-22', 7, 2, False);
INSERT INTO task_notification (id, description, notification_date, task_id, user_id, seen) VALUES (12, 'Under next now family even usually heart.', '2023-04-05', 15, 18, False);
INSERT INTO task_notification (id, description, notification_date, task_id, user_id, seen) VALUES (13, 'Bit recent Congress name cause various.', '2022-12-27', 19, 7, False);
INSERT INTO task_notification (id, description, notification_date, task_id, user_id, seen) VALUES (14, 'Brother begin again read bill.', '2023-03-08', 2, 9, True);
INSERT INTO task_notification (id, description, notification_date, task_id, user_id, seen) VALUES (15, 'While people per prove mention close step financial.', '2023-02-20', 8, 18, True);
INSERT INTO task_notification (id, description, notification_date, task_id, user_id, seen) VALUES (16, 'Condition take beat ask.', '2023-01-30', 2, 10, True);
INSERT INTO task_notification (id, description, notification_date, task_id, user_id, seen) VALUES (17, 'Return travel training wind fly admit thousand wonder.', '2022-12-25', 1, 15, True);
INSERT INTO task_notification (id, description, notification_date, task_id, user_id, seen) VALUES (18, 'Be city father degree design can.', '2023-04-03', 18, 16, False);
INSERT INTO task_notification (id, description, notification_date, task_id, user_id, seen) VALUES (19, 'Fight effort husband save see.', '2022-11-23', 16, 7, True);
INSERT INTO task_notification (id, description, notification_date, task_id, user_id, seen) VALUES (20, 'Whether forget admit up.', '2023-03-16', 3, 20, True);
-- Inserting data into the 'project_participation' table
INSERT INTO project_participation (user_id, project_id) VALUES (3, 12);
INSERT INTO project_participation (user_id, project_id) VALUES (17, 13);
INSERT INTO project_participation (user_id, project_id) VALUES (13, 5);
INSERT INTO project_participation (user_id, project_id) VALUES (10, 3);
INSERT INTO project_participation (user_id, project_id) VALUES (4, 4);
INSERT INTO project_participation (user_id, project_id) VALUES (3, 8);
INSERT INTO project_participation (user_id, project_id) VALUES (14, 4);
INSERT INTO project_participation (user_id, project_id) VALUES (11, 2);
INSERT INTO project_participation (user_id, project_id) VALUES (5, 6);
INSERT INTO project_participation (user_id, project_id) VALUES (1, 2);
INSERT INTO project_participation (user_id, project_id) VALUES (20, 14);
INSERT INTO project_participation (user_id, project_id) VALUES (18, 7);
INSERT INTO project_participation (user_id, project_id) VALUES (11, 15);
INSERT INTO project_participation (user_id, project_id) VALUES (4, 10);
INSERT INTO project_participation (user_id, project_id) VALUES (17, 18);
INSERT INTO project_participation (user_id, project_id) VALUES (10, 9);
INSERT INTO project_participation (user_id, project_id) VALUES (6, 5);
INSERT INTO project_participation (user_id, project_id) VALUES (15, 19);
INSERT INTO project_participation (user_id, project_id) VALUES (15, 10);
INSERT INTO project_participation (user_id, project_id) VALUES (7, 13);
-- Inserting data into the 'project_task' table
INSERT INTO project_task (task_id, project_id) VALUES (6, 6);
INSERT INTO project_task (task_id, project_id) VALUES (7, 11);
INSERT INTO project_task (task_id, project_id) VALUES (8, 6);
INSERT INTO project_task (task_id, project_id) VALUES (19, 14);
INSERT INTO project_task (task_id, project_id) VALUES (14, 15);
INSERT INTO project_task (task_id, project_id) VALUES (20, 13);
INSERT INTO project_task (task_id, project_id) VALUES (2, 16);
INSERT INTO project_task (task_id, project_id) VALUES (10, 2);
INSERT INTO project_task (task_id, project_id) VALUES (13, 11);
INSERT INTO project_task (task_id, project_id) VALUES (12, 13);
INSERT INTO project_task (task_id, project_id) VALUES (18, 1);
INSERT INTO project_task (task_id, project_id) VALUES (3, 20);
-- Inserting data into the 'project_tag' table
INSERT INTO project_tag (tag_id, project_id) VALUES (2, 12);
INSERT INTO project_tag (tag_id, project_id) VALUES (19, 18);
INSERT INTO project_tag (tag_id, project_id) VALUES (16, 16);
INSERT INTO project_tag (tag_id, project_id) VALUES (8, 11);
INSERT INTO project_tag (tag_id, project_id) VALUES (17, 19);
INSERT INTO project_tag (tag_id, project_id) VALUES (3, 6);
INSERT INTO project_tag (tag_id, project_id) VALUES (11, 2);
INSERT INTO project_tag (tag_id, project_id) VALUES (9, 3);
INSERT INTO project_tag (tag_id, project_id) VALUES (6, 7);
INSERT INTO project_tag (tag_id, project_id) VALUES (5, 7);
INSERT INTO project_tag (tag_id, project_id) VALUES (13, 7);
INSERT INTO project_tag (tag_id, project_id) VALUES (10, 14);
INSERT INTO project_tag (tag_id, project_id) VALUES (20, 8);
INSERT INTO project_tag (tag_id, project_id) VALUES (18, 19);
-- Inserting data into the 'task_tag' table
INSERT INTO task_tag (tag_id, task_id) VALUES (4, 1);
INSERT INTO task_tag (tag_id, task_id) VALUES (20, 15);
INSERT INTO task_tag (tag_id, task_id) VALUES (3, 19);
INSERT INTO task_tag (tag_id, task_id) VALUES (10, 5);
INSERT INTO task_tag (tag_id, task_id) VALUES (9, 12);
INSERT INTO task_tag (tag_id, task_id) VALUES (6, 14);
INSERT INTO task_tag (tag_id, task_id) VALUES (20, 8);
INSERT INTO task_tag (tag_id, task_id) VALUES (3, 1);
INSERT INTO task_tag (tag_id, task_id) VALUES (19, 5);
INSERT INTO task_tag (tag_id, task_id) VALUES (7, 4);
INSERT INTO task_tag (tag_id, task_id) VALUES (6, 18);
INSERT INTO task_tag (tag_id, task_id) VALUES (15, 12);
INSERT INTO task_tag (tag_id, task_id) VALUES (4, 15);
INSERT INTO task_tag (tag_id, task_id) VALUES (1, 1);
INSERT INTO task_tag (tag_id, task_id) VALUES (14, 4);
INSERT INTO task_tag (tag_id, task_id) VALUES (4, 10);
INSERT INTO task_tag (tag_id, task_id) VALUES (5, 13);
